[
    {
        "year": 2013, 
        "id": "", 
        "doctor": "Dr. Smith", 
        "illness": "Flu", 
        "apptdate": "3/12/2013",
		"details":"Patient had flu for 5 days. No medicines prescribed"
    },
	 {
        "year": 2013, 
        "id": "", 
        "doctor": "Dr. Smith", 
        "illness": "Appendicitis", 
        "apptdate": "4/12/2013",
		"details":"Patient had Appendix pain. Painkillers advised. Follow up visit in 2 weeks"
    },
	 {
        "year": 2014, 
        "id": "", 
        "doctor": "Dr. Ann", 
        "illness": "Cold", 
        "apptdate": "8/5/2014",
		"details":"Patient had bacterial infection. Anti biotics prescribed"
    }, 
	 {
        "year": 2011, 
        "id": "", 
        "doctor": "Dr. Suze", 
        "illness": "Fever", 
        "apptdate": "3/9/2011",
		"details":"Patient had fever. Rest and fluids advised"
    }, 
	 {
        "year": 2012, 
        "id": "", 
        "doctor": "Dr. Rita", 
        "illness": "Accident", 
        "apptdate": "6/6/2012",
		"details":"Patient cut herself in play ground. First aid done"
    },
	 {
        "year": 2012, 
        "id": "", 
        "doctor": "Dr. Suze", 
        "illness": "Accident", 
        "apptdate": "8/6/2012",
		"details":"Patient fell down from slide. Mild fever. Painkillers precribed"
    },
	 {
        "year": 2012, 
        "id": "", 
        "doctor": "Dr. Joy", 
        "illness": "Stomach Ache", 
        "apptdate": "12/6/2012",
		"details":"Patient has stomach cramps. Diet and rest advised"
    }
   
]
